account_id,post_id,Category,Page,Post URL,Date Published,Post Type,Rating,Debate,share_count,reaction_count,comment_count
62317591679,10153852560601680,mainstream,Politico,https://www.facebook.com/politico/posts/10153852560601680,2016-09-23,link,mostly true,,272,3795,123
62317591679,10153852595686680,mainstream,Politico,https://www.facebook.com/politico/posts/10153852595686680,2016-09-23,link,mostly true,,53,440,213
62317591679,10153852626836680,mainstream,Politico,https://www.facebook.com/politico/posts/10153852626836680,2016-09-23,link,mostly true,,13,155,29
62317591679,10153852680701680,mainstream,Politico,https://www.facebook.com/politico/posts/10153852680701680,2016-09-23,link,mostly true,,46,617,202
62317591679,10153852719596680,mainstream,Politico,https://www.facebook.com/politico/posts/10153852719596680,2016-09-23,link,mostly true,,64,332,182
62317591679,10153852762541680,mainstream,Politico,https://www.facebook.com/politico/posts/10153852762541680,2016-09-23,link,mostly true,,2,47,6
62317591679,10153852796981680,mainstream,Politico,https://www.facebook.com/politico/posts/10153852796981680,2016-09-23,link,mostly true,,133,633,194
62317591679,10153852828751680,mainstream,Politico,https://www.facebook.com/politico/posts/10153852828751680,2016-09-23,link,mostly true,,314,1075,379
62317591679,10153852873576680,mainstream,Politico,https://www.facebook.com/politico/posts/10153852873576680,2016-09-23,link,mostly true,,1523,7737,845
62317591679,10153852915751680,mainstream,Politico,https://www.facebook.com/politico/posts/10153852915751680,2016-09-23,link,mostly true,,10,133,95
62317591679,10153852969296680,mainstream,Politico,https://www.facebook.com/politico/posts/10153852969296680,2016-09-23,link,mostly true,,64,605,317
62317591679,10153853018636680,mainstream,Politico,https://www.facebook.com/politico/posts/10153853018636680,2016-09-23,link,mostly true,,51,251,52
62317591679,10153853060316680,mainstream,Politico,https://www.facebook.com/politico/posts/10153853060316680,2016-09-23,link,mostly true,,27,243,47
62317591679,10153853093431680,mainstream,Politico,https://www.facebook.com/politico/posts/10153853093431680,2016-09-23,link,mostly true,,4,46,61
62317591679,10153853130336680,mainstream,Politico,https://www.facebook.com/politico/posts/10153853130336680,2016-09-23,link,mostly true,,41,587,132
62317591679,10153853172041680,mainstream,Politico,https://www.facebook.com/politico/posts/10153853172041680,2016-09-23,link,mostly true,,40,267,99
62317591679,10153853200791680,mainstream,Politico,https://www.facebook.com/politico/posts/10153853200791680,2016-09-23,link,mostly true,,108,886,773
62317591679,10153853224566680,mainstream,Politico,https://www.facebook.com/politico/posts/10153853224566680,2016-09-23,link,mostly true,,33,177,230
62317591679,10153853252201680,mainstream,Politico,https://www.facebook.com/politico/posts/10153853252201680,2016-09-23,link,mostly true,,35,189,127
62317591679,10153853271431680,mainstream,Politico,https://www.facebook.com/politico/posts/10153853271431680,2016-09-23,link,mostly true,,18,144,117
62317591679,10153858905721680,mainstream,Politico,https://www.facebook.com/politico/posts/10153858905721680,2016-09-26,link,mostly true,,25,543,58
62317591679,10153858936641680,mainstream,Politico,https://www.facebook.com/politico/posts/10153858936641680,2016-09-26,link,mostly true,,31,504,215
62317591679,10153858968651680,mainstream,Politico,https://www.facebook.com/politico/posts/10153858968651680,2016-09-26,link,mostly true,,9,273,113
62317591679,10153858997181680,mainstream,Politico,https://www.facebook.com/politico/posts/10153858997181680,2016-09-26,link,mostly true,,35,282,18
62317591679,10153859022796680,mainstream,Politico,https://www.facebook.com/politico/posts/10153859022796680,2016-09-26,link,mostly true,,458,2936,113
62317591679,10153859049051680,mainstream,Politico,https://www.facebook.com/politico/posts/10153859049051680,2016-09-26,link,mostly true,,419,1111,518
62317591679,10153859084076680,mainstream,Politico,https://www.facebook.com/politico/posts/10153859084076680,2016-09-26,link,mostly true,,34,326,174
62317591679,10153859159961680,mainstream,Politico,https://www.facebook.com/politico/posts/10153859159961680,2016-09-26,link,mostly true,,119,405,72
62317591679,10153859289826680,mainstream,Politico,https://www.facebook.com/politico/posts/10153859289826680,2016-09-26,link,mostly true,,270,1231,337
62317591679,10153859309321680,mainstream,Politico,https://www.facebook.com/politico/posts/10153859309321680,2016-09-26,link,mostly true,,24,205,35
62317591679,10153859362661680,mainstream,Politico,https://www.facebook.com/politico/posts/10153859362661680,2016-09-26,link,mostly true,,92,335,152
62317591679,10153859454701680,mainstream,Politico,https://www.facebook.com/politico/posts/10153859454701680,2016-09-26,link,mostly true,,148,764,734
62317591679,10153859478516680,mainstream,Politico,https://www.facebook.com/politico/posts/10153859478516680,2016-09-26,link,mostly true,,17,96,44
62317591679,10153859503661680,mainstream,Politico,https://www.facebook.com/politico/posts/10153859503661680,2016-09-26,link,mostly true,,597,1427,327
62317591679,10153859529161680,mainstream,Politico,https://www.facebook.com/politico/posts/10153859529161680,2016-09-26,link,mostly true,,3,18,4
62317591679,10153859552511680,mainstream,Politico,https://www.facebook.com/politico/posts/10153859552511680,2016-09-26,link,mostly true,,13,60,18
62317591679,10153859593866680,mainstream,Politico,https://www.facebook.com/politico/posts/10153859593866680,2016-09-26,link,mostly true,,24,182,95
62317591679,10153859635511680,mainstream,Politico,https://www.facebook.com/politico/posts/10153859635511680,2016-09-26,link,mostly true,,167,866,80
62317591679,10153859655731680,mainstream,Politico,https://www.facebook.com/politico/posts/10153859655731680,2016-09-26,link,mostly true,,450,2782,257
62317591679,10153859680776680,mainstream,Politico,https://www.facebook.com/politico/posts/10153859680776680,2016-09-26,link,mostly true,,24,72,32
62317591679,10153859704106680,mainstream,Politico,https://www.facebook.com/politico/posts/10153859704106680,2016-09-26,link,mostly true,,84,812,600
62317591679,10153859726306680,mainstream,Politico,https://www.facebook.com/politico/posts/10153859726306680,2016-09-26,link,mostly true,,16,147,65
62317591679,10153859749961680,mainstream,Politico,https://www.facebook.com/politico/posts/10153859749961680,2016-09-26,link,mostly true,,65,506,153
62317591679,10153859777431680,mainstream,Politico,https://www.facebook.com/politico/posts/10153859777431680,2016-09-26,link,mostly true,,74,921,165
62317591679,10153859818691680,mainstream,Politico,https://www.facebook.com/politico/posts/10153859818691680,2016-09-26,link,mostly true,,23,277,278
62317591679,10153859872071680,mainstream,Politico,https://www.facebook.com/politico/posts/10153859872071680,2016-09-26,link,mostly true,,6,121,3
62317591679,10153859901176680,mainstream,Politico,https://www.facebook.com/politico/posts/10153859901176680,2016-09-26,link,mostly true,,27,388,230
62317591679,10153861370391680,mainstream,Politico,https://www.facebook.com/politico/posts/10153861370391680,2016-09-26,video,mostly true,yes,13,108,57
62317591679,10153861373101680,mainstream,Politico,https://www.facebook.com/politico/posts/10153861373101680,2016-09-26,video,mostly true,yes,99,668,68
62317591679,10153861377906680,mainstream,Politico,https://www.facebook.com/politico/posts/10153861377906680,2016-09-26,video,mostly true,yes,14,116,54
62317591679,10153861379986680,mainstream,Politico,https://www.facebook.com/politico/posts/10153861379986680,2016-09-26,video,mostly true,yes,11,118,105
62317591679,10153861386471680,mainstream,Politico,https://www.facebook.com/politico/posts/10153861386471680,2016-09-26,video,mostly true,yes,8,59,32
62317591679,10153861394591680,mainstream,Politico,https://www.facebook.com/politico/posts/10153861394591680,2016-09-26,link,mostly true,yes,119,278,75
62317591679,10153861397186680,mainstream,Politico,https://www.facebook.com/politico/posts/10153861397186680,2016-09-26,video,mostly true,yes,46,745,109
62317591679,10153861397561680,mainstream,Politico,https://www.facebook.com/politico/posts/10153861397561680,2016-09-26,video,mostly true,yes,14,111,68
62317591679,10153861406596680,mainstream,Politico,https://www.facebook.com/politico/posts/10153861406596680,2016-09-26,video,mostly true,yes,161,2538,230
62317591679,10153861408771680,mainstream,Politico,https://www.facebook.com/politico/posts/10153861408771680,2016-09-26,video,mostly true,yes,23,329,109
62317591679,10153861412181680,mainstream,Politico,https://www.facebook.com/politico/posts/10153861412181680,2016-09-26,link,mostly true,yes,995,9263,554
62317591679,10153861418036680,mainstream,Politico,https://www.facebook.com/politico/posts/10153861418036680,2016-09-26,video,mostly true,yes,9,260,126
62317591679,10153861424486680,mainstream,Politico,https://www.facebook.com/politico/posts/10153861424486680,2016-09-26,video,mostly true,yes,85,1095,160
62317591679,10153861428366680,mainstream,Politico,https://www.facebook.com/politico/posts/10153861428366680,2016-09-26,video,mostly true,yes,18,407,145
62317591679,10153861433056680,mainstream,Politico,https://www.facebook.com/politico/posts/10153861433056680,2016-09-26,video,mostly true,yes,37,315,160
62317591679,10153861433151680,mainstream,Politico,https://www.facebook.com/politico/posts/10153861433151680,2016-09-26,link,mostly true,yes,40,623,96
62317591679,10153861443696680,mainstream,Politico,https://www.facebook.com/politico/posts/10153861443696680,2016-09-26,video,mostly true,yes,509,2292,202
62317591679,10153861455846680,mainstream,Politico,https://www.facebook.com/politico/posts/10153861455846680,2016-09-26,video,mostly true,yes,25,428,54
62317591679,10153861460191680,mainstream,Politico,https://www.facebook.com/politico/posts/10153861460191680,2016-09-26,link,mostly true,yes,7,162,26
62317591679,10153861463721680,mainstream,Politico,https://www.facebook.com/politico/posts/10153861463721680,2016-09-26,video,mostly true,yes,77,416,155
62317591679,10153861466546680,mainstream,Politico,https://www.facebook.com/politico/posts/10153861466546680,2016-09-26,video,mostly true,yes,6857,28505,1636
62317591679,10153861478296680,mainstream,Politico,https://www.facebook.com/politico/posts/10153861478296680,2016-09-26,video,mostly true,yes,48,536,215
62317591679,10153861481676680,mainstream,Politico,https://www.facebook.com/politico/posts/10153861481676680,2016-09-26,link,mostly true,yes,1849,2352,181
62317591679,10153861491796680,mainstream,Politico,https://www.facebook.com/politico/posts/10153861491796680,2016-09-26,video,mostly true,yes,91,1294,141
62317591679,10153861497961680,mainstream,Politico,https://www.facebook.com/politico/posts/10153861497961680,2016-09-26,video,mostly true,yes,24,321,73
62317591679,10153861505681680,mainstream,Politico,https://www.facebook.com/politico/posts/10153861505681680,2016-09-26,video,mostly true,yes,337,1519,473
62317591679,10153861514556680,mainstream,Politico,https://www.facebook.com/politico/posts/10153861514556680,2016-09-26,link,mostly true,yes,22,325,78
62317591679,10153861517486680,mainstream,Politico,https://www.facebook.com/politico/posts/10153861517486680,2016-09-26,video,mostly true,yes,65,554,189
62317591679,10153861524821680,mainstream,Politico,https://www.facebook.com/politico/posts/10153861524821680,2016-09-26,video,mostly true,yes,34,457,132
62317591679,10153861531351680,mainstream,Politico,https://www.facebook.com/politico/posts/10153861531351680,2016-09-26,video,mostly true,yes,190,2014,369
62317591679,10153861538176680,mainstream,Politico,https://www.facebook.com/politico/posts/10153861538176680,2016-09-26,link,mostly true,yes,774,3586,208
62317591679,10153861547981680,mainstream,Politico,https://www.facebook.com/politico/posts/10153861547981680,2016-09-26,video,mostly true,yes,117,1229,120
62317591679,10153861561656680,mainstream,Politico,https://www.facebook.com/politico/posts/10153861561656680,2016-09-26,video,mostly true,yes,576,2749,427
62317591679,10153861562716680,mainstream,Politico,https://www.facebook.com/politico/posts/10153861562716680,2016-09-26,link,mostly true,yes,48,394,109
62317591679,10153861564756680,mainstream,Politico,https://www.facebook.com/politico/posts/10153861564756680,2016-09-26,video,mostly true,yes,50,464,114
62317591679,10153861566101680,mainstream,Politico,https://www.facebook.com/politico/posts/10153861566101680,2016-09-26,video,mostly true,yes,33,161,69
62317591679,10153861587156680,mainstream,Politico,https://www.facebook.com/politico/posts/10153861587156680,2016-09-26,link,mostly true,yes,164,1988,163
62317591679,10153861603201680,mainstream,Politico,https://www.facebook.com/politico/posts/10153861603201680,2016-09-26,link,mostly true,yes,217,1836,165
62317591679,10153861620116680,mainstream,Politico,https://www.facebook.com/politico/posts/10153861620116680,2016-09-26,link,mostly true,yes,108,816,524
62317591679,10153861646446680,mainstream,Politico,https://www.facebook.com/politico/posts/10153861646446680,2016-09-26,link,mostly true,yes,212,4119,188
62317591679,10153861663116680,mainstream,Politico,https://www.facebook.com/politico/posts/10153861663116680,2016-09-26,link,mostly true,yes,86,1460,160
62317591679,10153861687866680,mainstream,Politico,https://www.facebook.com/politico/posts/10153861687866680,2016-09-26,link,mostly true,yes,12,183,81
62317591679,10153861700111680,mainstream,Politico,https://www.facebook.com/politico/posts/10153861700111680,2016-09-26,video,mostly true,yes,584,1201,197
62317591679,10153861704281680,mainstream,Politico,https://www.facebook.com/politico/posts/10153861704281680,2016-09-26,link,mostly true,yes,25,250,165
62317591679,10153861731201680,mainstream,Politico,https://www.facebook.com/politico/posts/10153861731201680,2016-09-27,link,mostly true,yes,325,1928,132
62317591679,10153861753366680,mainstream,Politico,https://www.facebook.com/politico/posts/10153861753366680,2016-09-27,link,mostly true,yes,37,489,246
62317591679,10153861784371680,mainstream,Politico,https://www.facebook.com/politico/posts/10153861784371680,2016-09-27,link,mostly true,yes,2197,5176,1521
62317591679,10153861814501680,mainstream,Politico,https://www.facebook.com/politico/posts/10153861814501680,2016-09-27,link,mostly true,yes,13,195,69
62317591679,10153861840366680,mainstream,Politico,https://www.facebook.com/politico/posts/10153861840366680,2016-09-27,link,mostly true,yes,478,2215,220
62317591679,10153861868021680,mainstream,Politico,https://www.facebook.com/politico/posts/10153861868021680,2016-09-27,link,mostly true,yes,189,1394,159
62317591679,10153861897266680,mainstream,Politico,https://www.facebook.com/politico/posts/10153861897266680,2016-09-27,link,mostly true,yes,187,1974,183
62317591679,10153861921176680,mainstream,Politico,https://www.facebook.com/politico/posts/10153861921176680,2016-09-27,link,mostly true,yes,10,112,30
62317591679,10153861921181680,mainstream,Politico,https://www.facebook.com/politico/posts/10153861921181680,2016-09-27,link,mostly true,yes,27,377,305
62317591679,10153861933236680,mainstream,Politico,https://www.facebook.com/politico/posts/10153861933236680,2016-09-27,link,mostly true,yes,18,621,65
62317591679,10153861942616680,mainstream,Politico,https://www.facebook.com/politico/posts/10153861942616680,2016-09-27,link,mostly true,yes,1579,5525,1419
62317591679,10153861954621680,mainstream,Politico,https://www.facebook.com/politico/posts/10153861954621680,2016-09-27,link,mostly true,yes,96,807,208
62317591679,10153861964436680,mainstream,Politico,https://www.facebook.com/politico/posts/10153861964436680,2016-09-27,link,mostly true,yes,50,827,86
62317591679,10153861964766680,mainstream,Politico,https://www.facebook.com/politico/posts/10153861964766680,2016-09-27,link,mostly true,yes,5,122,34
62317591679,10153861973831680,mainstream,Politico,https://www.facebook.com/politico/posts/10153861973831680,2016-09-27,link,mostly true,yes,35,255,49
62317591679,10153862007651680,mainstream,Politico,https://www.facebook.com/politico/posts/10153862007651680,2016-09-27,link,mostly true,yes,177,1397,133
62317591679,10153862032416680,mainstream,Politico,https://www.facebook.com/politico/posts/10153862032416680,2016-09-27,link,mostly true,yes,965,10414,551
62317591679,10153862089056680,mainstream,Politico,https://www.facebook.com/politico/posts/10153862089056680,2016-09-27,link,mostly true,yes,9,255,27
62317591679,10153862113791680,mainstream,Politico,https://www.facebook.com/politico/posts/10153862113791680,2016-09-27,link,mostly true,yes,23,254,103
62317591679,10153862148556680,mainstream,Politico,https://www.facebook.com/politico/posts/10153862148556680,2016-09-27,link,mostly true,yes,19,306,70
62317591679,10153862186506680,mainstream,Politico,https://www.facebook.com/politico/posts/10153862186506680,2016-09-27,link,mostly true,yes,53,362,34
62317591679,10153862234736680,mainstream,Politico,https://www.facebook.com/politico/posts/10153862234736680,2016-09-27,link,mostly true,yes,17,186,203
62317591679,10153862266756680,mainstream,Politico,https://www.facebook.com/politico/posts/10153862266756680,2016-09-27,link,mostly true,yes,41,237,25
62317591679,10153862286261680,mainstream,Politico,https://www.facebook.com/politico/posts/10153862286261680,2016-09-27,link,mostly true,yes,825,1708,404
62317591679,10153862317766680,mainstream,Politico,https://www.facebook.com/politico/posts/10153862317766680,2016-09-27,link,mostly true,yes,37,197,70
62317591679,10153862341241680,mainstream,Politico,https://www.facebook.com/politico/posts/10153862341241680,2016-09-27,link,mostly true,yes,93,770,190
62317591679,10153862364781680,mainstream,Politico,https://www.facebook.com/politico/posts/10153862364781680,2016-09-27,link,mostly true,yes,284,1246,151
62317591679,10153862388511680,mainstream,Politico,https://www.facebook.com/politico/posts/10153862388511680,2016-09-27,link,mostly true,yes,9,208,60
62317591679,10153862413391680,mainstream,Politico,https://www.facebook.com/politico/posts/10153862413391680,2016-09-27,link,mostly true,,18,188,24
62317591679,10153862455101680,mainstream,Politico,https://www.facebook.com/politico/posts/10153862455101680,2016-09-27,link,mostly true,yes,2,31,32
62317591679,10153862477716680,mainstream,Politico,https://www.facebook.com/politico/posts/10153862477716680,2016-09-27,link,mostly true,,5,189,92
62317591679,10153862513936680,mainstream,Politico,https://www.facebook.com/politico/posts/10153862513936680,2016-09-27,link,mostly true,,18,110,13
62317591679,10153862549226680,mainstream,Politico,https://www.facebook.com/politico/posts/10153862549226680,2016-09-27,link,mostly true,yes,22,773,55
62317591679,10153862576261680,mainstream,Politico,https://www.facebook.com/politico/posts/10153862576261680,2016-09-27,link,mostly true,yes,432,2016,723
62317591679,10153862636551680,mainstream,Politico,https://www.facebook.com/politico/posts/10153862636551680,2016-09-27,link,mostly true,yes,101,659,377
62317591679,10153862701901680,mainstream,Politico,https://www.facebook.com/politico/posts/10153862701901680,2016-09-27,link,mostly true,yes,11,150,17
62317591679,10153862749066680,mainstream,Politico,https://www.facebook.com/politico/posts/10153862749066680,2016-09-27,link,mostly true,yes,24,192,55
62317591679,10153862804666680,mainstream,Politico,https://www.facebook.com/politico/posts/10153862804666680,2016-09-27,link,mostly true,yes,129,830,178
62317591679,10153862834566680,mainstream,Politico,https://www.facebook.com/politico/posts/10153862834566680,2016-09-27,link,mostly true,yes,66,534,141
62317591679,10153862857761680,mainstream,Politico,https://www.facebook.com/politico/posts/10153862857761680,2016-09-27,link,mostly true,yes,69,690,432
62317591679,10153862875541680,mainstream,Politico,https://www.facebook.com/politico/posts/10153862875541680,2016-09-27,link,mostly true,yes,75,887,197
62317591679,10153862895056680,mainstream,Politico,https://www.facebook.com/politico/posts/10153862895056680,2016-09-27,link,mostly true,yes,48,978,139
62317591679,10153862918406680,mainstream,Politico,https://www.facebook.com/politico/posts/10153862918406680,2016-09-27,link,mostly true,yes,265,3232,241
62317591679,10153862974566680,mainstream,Politico,https://www.facebook.com/politico/posts/10153862974566680,2016-09-27,link,mostly true,yes,420,3347,1576
62317591679,10153863046216680,mainstream,Politico,https://www.facebook.com/politico/posts/10153863046216680,2016-09-27,link,mostly true,yes,473,2070,1293
62317591679,10153863113156680,mainstream,Politico,https://www.facebook.com/politico/posts/10153863113156680,2016-09-27,link,mostly true,yes,65,1070,153
62317591679,10153863157416680,mainstream,Politico,https://www.facebook.com/politico/posts/10153863157416680,2016-09-27,link,mostly true,yes,13,98,30
62317591679,10153863171886680,mainstream,Politico,https://www.facebook.com/politico/posts/10153863171886680,2016-09-27,video,mostly true,yes,82,468,165
62317591679,10153863209076680,mainstream,Politico,https://www.facebook.com/politico/posts/10153863209076680,2016-09-27,link,mostly true,yes,245,3767,222
62317591679,10153863248021680,mainstream,Politico,https://www.facebook.com/politico/posts/10153863248021680,2016-09-27,link,mostly true,yes,62,1273,79
62317591679,10153863282756680,mainstream,Politico,https://www.facebook.com/politico/posts/10153863282756680,2016-09-27,link,mostly true,yes,29,553,288
62317591679,10153863312421680,mainstream,Politico,https://www.facebook.com/politico/posts/10153863312421680,2016-09-27,link,mostly true,,10,107,34
62317591679,10153863362721680,mainstream,Politico,https://www.facebook.com/politico/posts/10153863362721680,2016-09-27,link,mostly true,yes,30,255,43
62317591679,10153863410716680,mainstream,Politico,https://www.facebook.com/politico/posts/10153863410716680,2016-09-27,link,mostly true,,12,46,19
62317591679,10153863440471680,mainstream,Politico,https://www.facebook.com/politico/posts/10153863440471680,2016-09-27,link,mostly true,yes,51,702,103
62317591679,10153863466766680,mainstream,Politico,https://www.facebook.com/politico/posts/10153863466766680,2016-09-27,link,mostly true,yes,5,163,38
62317591679,10153863493451680,mainstream,Politico,https://www.facebook.com/politico/posts/10153863493451680,2016-09-27,link,mostly true,yes,363,3317,180
62317591679,10153863521071680,mainstream,Politico,https://www.facebook.com/politico/posts/10153863521071680,2016-09-27,link,mostly true,yes,101,1665,108
62317591679,10153863548616680,mainstream,Politico,https://www.facebook.com/politico/posts/10153863548616680,2016-09-27,link,mostly true,yes,53,741,135
62317591679,10153863580491680,mainstream,Politico,https://www.facebook.com/politico/posts/10153863580491680,2016-09-27,link,mostly true,,29,170,55
62317591679,10153863609551680,mainstream,Politico,https://www.facebook.com/politico/posts/10153863609551680,2016-09-27,link,mostly true,,37,415,99
62317591679,10153863647411680,mainstream,Politico,https://www.facebook.com/politico/posts/10153863647411680,2016-09-27,link,mostly true,,7,48,20
62317591679,10153863675936680,mainstream,Politico,https://www.facebook.com/politico/posts/10153863675936680,2016-09-27,link,mostly true,,3,12,1
62317591679,10153863707481680,mainstream,Politico,https://www.facebook.com/politico/posts/10153863707481680,2016-09-27,link,mostly true,,90,1225,186
62317591679,10153863748241680,mainstream,Politico,https://www.facebook.com/politico/posts/10153863748241680,2016-09-27,link,mostly true,yes,64,1441,294
62317591679,10153863757616680,mainstream,Politico,https://www.facebook.com/politico/posts/10153863757616680,2016-09-27,photo,no factual content,,222,1043,39
62317591679,10153863772126680,mainstream,Politico,https://www.facebook.com/politico/posts/10153863772126680,2016-09-27,link,mostly true,,13,210,89
62317591679,10153863798951680,mainstream,Politico,https://www.facebook.com/politico/posts/10153863798951680,2016-09-27,link,mostly true,,7,57,12
62317591679,10153863814371680,mainstream,Politico,https://www.facebook.com/politico/posts/10153863814371680,2016-09-27,link,mostly true,,162,1805,51
62317591679,10153863827486680,mainstream,Politico,https://www.facebook.com/politico/posts/10153863827486680,2016-09-27,link,mostly true,,20,78,34
62317591679,10153863850801680,mainstream,Politico,https://www.facebook.com/politico/posts/10153863850801680,2016-09-27,link,mostly true,yes,133,1198,324
62317591679,10153863870026680,mainstream,Politico,https://www.facebook.com/politico/posts/10153863870026680,2016-09-27,link,mostly true,yes,13,180,115
62317591679,10153863893906680,mainstream,Politico,https://www.facebook.com/politico/posts/10153863893906680,2016-09-27,link,mostly true,yes,3,63,21
62317591679,10153863913971680,mainstream,Politico,https://www.facebook.com/politico/posts/10153863913971680,2016-09-27,link,mostly true,,6,98,25
62317591679,10153863936096680,mainstream,Politico,https://www.facebook.com/politico/posts/10153863936096680,2016-09-27,link,mostly true,,663,5742,456
62317591679,10153863957971680,mainstream,Politico,https://www.facebook.com/politico/posts/10153863957971680,2016-09-27,link,mostly true,,113,525,65
62317591679,10153863978636680,mainstream,Politico,https://www.facebook.com/politico/posts/10153863978636680,2016-09-27,link,mostly true,,37,404,62
62317591679,10153864003456680,mainstream,Politico,https://www.facebook.com/politico/posts/10153864003456680,2016-09-27,link,mostly true,,94,1401,537
62317591679,10153864028151680,mainstream,Politico,https://www.facebook.com/politico/posts/10153864028151680,2016-09-27,link,mostly true,,18,50,26
62317591679,10153864173561680,mainstream,Politico,https://www.facebook.com/politico/posts/10153864173561680,2016-09-27,link,mostly true,,7,147,9
62317591679,10153864199611680,mainstream,Politico,https://www.facebook.com/politico/posts/10153864199611680,2016-09-27,link,mostly true,,15,95,43
62317591679,10153864243006680,mainstream,Politico,https://www.facebook.com/politico/posts/10153864243006680,2016-09-27,link,mostly true,yes,16,203,37
62317591679,10153864287871680,mainstream,Politico,https://www.facebook.com/politico/posts/10153864287871680,2016-09-27,link,mostly true,,1286,8025,238
62317591679,10153864316716680,mainstream,Politico,https://www.facebook.com/politico/posts/10153864316716680,2016-09-27,link,mostly true,,94,385,32
62317591679,10153864344406680,mainstream,Politico,https://www.facebook.com/politico/posts/10153864344406680,2016-09-27,link,mostly true,,1127,6443,201
62317591679,10153864379636680,mainstream,Politico,https://www.facebook.com/politico/posts/10153864379636680,2016-09-27,link,mostly true,,190,1974,408
114517875225866,1462399387104368,left,The Other 98%,https://www.facebook.com/TheOther98/posts/1462399387104368,2016-09-19,photo,no factual content,,2,26990,590
114517875225866,1462468047097502,left,The Other 98%,https://www.facebook.com/TheOther98/posts/1462468047097502,2016-09-19,video,mostly true,,,7580,364
114517875225866,1462507497093557,left,The Other 98%,https://www.facebook.com/TheOther98/posts/1462507497093557,2016-09-19,link,mostly true,,26726,20354,1471
114517875225866,1462535517090755,left,The Other 98%,https://www.facebook.com/TheOther98/posts/1462535517090755,2016-09-19,link,mostly true,,3899,12225,378
114517875225866,1462679840409656,left,The Other 98%,https://www.facebook.com/TheOther98/posts/1462679840409656,2016-09-19,link,mostly true,,483,5317,101
114517875225866,1462684057075901,left,The Other 98%,https://www.facebook.com/TheOther98/posts/1462684057075901,2016-09-19,video,mostly true,,688,3329,37
114517875225866,1462687457075561,left,The Other 98%,https://www.facebook.com/TheOther98/posts/1462687457075561,2016-09-19,video,mostly true,,,3864,265
114517875225866,1462696813741292,left,The Other 98%,https://www.facebook.com/TheOther98/posts/1462696813741292,2016-09-19,link,mostly true,,4030,24066,331
114517875225866,1462710973739876,left,The Other 98%,https://www.facebook.com/TheOther98/posts/1462710973739876,2016-09-19,link,mostly true,,33767,27185,3129
114517875225866,1462776623733311,left,The Other 98%,https://www.facebook.com/TheOther98/posts/1462776623733311,2016-09-19,video,no factual content,,1801,5927,241
114517875225866,1462778023733171,left,The Other 98%,https://www.facebook.com/TheOther98/posts/1462778023733171,2016-09-19,video,mostly true,,5592,4496,384
114517875225866,1462846610392979,left,The Other 98%,https://www.facebook.com/TheOther98/posts/1462846610392979,2016-09-19,photo,mostly true,,693,3518,181
114517875225866,1462997013711272,left,The Other 98%,https://www.facebook.com/TheOther98/posts/1462997013711272,2016-09-19,link,mostly true,,2855,5604,529
114517875225866,1462822623728711,left,The Other 98%,https://www.facebook.com/TheOther98/posts/1462822623728711,2016-09-20,video,no factual content,,4,16486,644
114517875225866,1462891757055131,left,The Other 98%,https://www.facebook.com/TheOther98/posts/1462891757055131,2016-09-20,photo,mostly false,,3,36556,1002
114517875225866,1463039507040356,left,The Other 98%,https://www.facebook.com/TheOther98/posts/1463039507040356,2016-09-20,link,mixture of true and false,,4338,18160,906
114517875225866,1463351953675778,left,The Other 98%,https://www.facebook.com/TheOther98/posts/1463351953675778,2016-09-20,photo,no factual content,,23015,43279,981
114517875225866,1463581596986147,left,The Other 98%,https://www.facebook.com/TheOther98/posts/1463581596986147,2016-09-20,link,no factual content,,219688,100593,9300
114517875225866,1463586530318987,left,The Other 98%,https://www.facebook.com/TheOther98/posts/1463586530318987,2016-09-20,photo,mostly true,,50881,47190,1404
114517875225866,1463623420315298,left,The Other 98%,https://www.facebook.com/TheOther98/posts/1463623420315298,2016-09-20,photo,no factual content,,15792,34985,639
114517875225866,1463633763647597,left,The Other 98%,https://www.facebook.com/TheOther98/posts/1463633763647597,2016-09-20,photo,no factual content,,87643,70151,2035
114517875225866,1463683516975955,left,The Other 98%,https://www.facebook.com/TheOther98/posts/1463683516975955,2016-09-20,link,mostly true,,1579,7170,326
114517875225866,1463729303638043,left,The Other 98%,https://www.facebook.com/TheOther98/posts/1463729303638043,2016-09-20,link,mostly true,,2502,3784,153
114517875225866,1463764970301143,left,The Other 98%,https://www.facebook.com/TheOther98/posts/1463764970301143,2016-09-20,link,mostly true,,3997,13299,273
114517875225866,1463780856966221,left,The Other 98%,https://www.facebook.com/TheOther98/posts/1463780856966221,2016-09-20,link,no factual content,,14073,32698,633
114517875225866,1463782616966045,left,The Other 98%,https://www.facebook.com/TheOther98/posts/1463782616966045,2016-09-20,video,mostly true,,,2778,366
114517875225866,1463797176964589,left,The Other 98%,https://www.facebook.com/TheOther98/posts/1463797176964589,2016-09-20,video,mostly true,,,10333,479
114517875225866,1463817080295932,left,The Other 98%,https://www.facebook.com/TheOther98/posts/1463817080295932,2016-09-20,link,mostly true,,9494,15965,1639
114517875225866,1463827773628196,left,The Other 98%,https://www.facebook.com/TheOther98/posts/1463827773628196,2016-09-20,video,mostly true,,3725,8007,363
114517875225866,1463842706960036,left,The Other 98%,https://www.facebook.com/TheOther98/posts/1463842706960036,2016-09-20,photo,mostly false,,3261,9590,445
114517875225866,1463890730288567,left,The Other 98%,https://www.facebook.com/TheOther98/posts/1463890730288567,2016-09-20,photo,mostly false,,11571,8568,930
114517875225866,1463921996952107,left,The Other 98%,https://www.facebook.com/TheOther98/posts/1463921996952107,2016-09-20,link,mostly true,,3391,13551,315
114517875225866,1463979930279647,left,The Other 98%,https://www.facebook.com/TheOther98/posts/1463979930279647,2016-09-20,link,mostly true,,2616,7933,583
114517875225866,1463990873611886,left,The Other 98%,https://www.facebook.com/TheOther98/posts/1463990873611886,2016-09-20,link,mostly true,,4781,15389,258
114517875225866,1464060453604928,left,The Other 98%,https://www.facebook.com/TheOther98/posts/1464060453604928,2016-09-20,link,mostly true,,11222,17141,874
114517875225866,1463831946961112,left,The Other 98%,https://www.facebook.com/TheOther98/posts/1463831946961112,2016-09-21,photo,no factual content,,5947,15816,580
114517875225866,1463842313626742,left,The Other 98%,https://www.facebook.com/TheOther98/posts/1463842313626742,2016-09-21,video,mostly true,,,1840,31
114517875225866,1463971620280478,left,The Other 98%,https://www.facebook.com/TheOther98/posts/1463971620280478,2016-09-21,video,no factual content,,,1192,62
114517875225866,1464283156915991,left,The Other 98%,https://www.facebook.com/TheOther98/posts/1464283156915991,2016-09-21,link,mostly true,,1290,2672,165
114517875225866,1464603143550659,left,The Other 98%,https://www.facebook.com/TheOther98/posts/1464603143550659,2016-09-21,photo,no factual content,,67482,57873,1100
114517875225866,1464653210212319,left,The Other 98%,https://www.facebook.com/TheOther98/posts/1464653210212319,2016-09-21,video,mostly true,,,,
114517875225866,1464677133543260,left,The Other 98%,https://www.facebook.com/TheOther98/posts/1464677133543260,2016-09-21,link,mostly true,,6195,20340,528
114517875225866,1464716553539318,left,The Other 98%,https://www.facebook.com/TheOther98/posts/1464716553539318,2016-09-21,link,mostly true,,1238,2797,448
114517875225866,1464717233539250,left,The Other 98%,https://www.facebook.com/TheOther98/posts/1464717233539250,2016-09-21,video,no factual content,,,3741,307
114517875225866,1464788400198800,left,The Other 98%,https://www.facebook.com/TheOther98/posts/1464788400198800,2016-09-21,video,mostly true,,1192,2412,418
114517875225866,1464796833531290,left,The Other 98%,https://www.facebook.com/TheOther98/posts/1464796833531290,2016-09-21,link,mostly true,,1688,6210,852
114517875225866,1464894210188219,left,The Other 98%,https://www.facebook.com/TheOther98/posts/1464894210188219,2016-09-21,link,mostly true,,1646,5560,267
114517875225866,1464969680180672,left,The Other 98%,https://www.facebook.com/TheOther98/posts/1464969680180672,2016-09-21,photo,mostly true,,3484,14023,236
114517875225866,1464970846847222,left,The Other 98%,https://www.facebook.com/TheOther98/posts/1464970846847222,2016-09-21,video,no factual content,,1,11240,947
114517875225866,1464993103511663,left,The Other 98%,https://www.facebook.com/TheOther98/posts/1464993103511663,2016-09-21,video,mostly true,,2573,5701,133
114517875225866,1465022330175407,left,The Other 98%,https://www.facebook.com/TheOther98/posts/1465022330175407,2016-09-21,link,mostly true,,15116,20307,983
114517875225866,1465025620175078,left,The Other 98%,https://www.facebook.com/TheOther98/posts/1465025620175078,2016-09-21,link,mostly true,,13322,13614,1274
114517875225866,1465038840173756,left,The Other 98%,https://www.facebook.com/TheOther98/posts/1465038840173756,2016-09-21,video,mixture of true and false,,,6931,474
114517875225866,1465108913500082,left,The Other 98%,https://www.facebook.com/TheOther98/posts/1465108913500082,2016-09-21,photo,mostly false,,21673,19682,329
114517875225866,1465109400166700,left,The Other 98%,https://www.facebook.com/TheOther98/posts/1465109400166700,2016-09-21,photo,no factual content,,22469,26866,571
114517875225866,1465226670154973,left,The Other 98%,https://www.facebook.com/TheOther98/posts/1465226670154973,2016-09-21,link,mostly true,,1261,4013,200
114517875225866,1465110096833297,left,The Other 98%,https://www.facebook.com/TheOther98/posts/1465110096833297,2016-09-22,photo,no factual content,,17024,55468,907
114517875225866,1465228143488159,left,The Other 98%,https://www.facebook.com/TheOther98/posts/1465228143488159,2016-09-22,link,mostly true,,2371,6918,415
114517875225866,1465396840137956,left,The Other 98%,https://www.facebook.com/TheOther98/posts/1465396840137956,2016-09-22,link,mostly true,,642,2593,247
114517875225866,1465839176760389,left,The Other 98%,https://www.facebook.com/TheOther98/posts/1465839176760389,2016-09-22,photo,no factual content,,34574,42314,1792
114517875225866,1465971186747188,left,The Other 98%,https://www.facebook.com/TheOther98/posts/1465971186747188,2016-09-22,photo,no factual content,,95465,68498,3032
114517875225866,1466055430072097,left,The Other 98%,https://www.facebook.com/TheOther98/posts/1466055430072097,2016-09-22,link,mixture of true and false,,3582,7945,629
114517875225866,1466093066735000,left,The Other 98%,https://www.facebook.com/TheOther98/posts/1466093066735000,2016-09-22,link,mixture of true and false,,9664,8836,507
114517875225866,1466120426732264,left,The Other 98%,https://www.facebook.com/TheOther98/posts/1466120426732264,2016-09-22,link,mostly true,,11754,32468,2584
114517875225866,1466135163397457,left,The Other 98%,https://www.facebook.com/TheOther98/posts/1466135163397457,2016-09-22,video,mixture of true and false,,24522,23284,985
114517875225866,1466136353397338,left,The Other 98%,https://www.facebook.com/TheOther98/posts/1466136353397338,2016-09-22,photo,no factual content,,928,4225,197
114517875225866,1466138256730481,left,The Other 98%,https://www.facebook.com/TheOther98/posts/1466138256730481,2016-09-22,photo,mostly true,,13311,41808,567
114517875225866,1466189783391995,left,The Other 98%,https://www.facebook.com/TheOther98/posts/1466189783391995,2016-09-22,link,mostly true,,4371,9255,537
114517875225866,1466196130058027,left,The Other 98%,https://www.facebook.com/TheOther98/posts/1466196130058027,2016-09-22,photo,no factual content,,15908,39862,1034
114517875225866,1466252813385692,left,The Other 98%,https://www.facebook.com/TheOther98/posts/1466252813385692,2016-09-22,photo,no factual content,,10337,37123,637
114517875225866,1466173063393667,left,The Other 98%,https://www.facebook.com/TheOther98/posts/1466173063393667,2016-09-23,video,mostly true,,1,6995,177
114517875225866,1467102943300679,left,The Other 98%,https://www.facebook.com/TheOther98/posts/1467102943300679,2016-09-23,video,mostly true,,,2673,296
114517875225866,1467126739964966,left,The Other 98%,https://www.facebook.com/TheOther98/posts/1467126739964966,2016-09-23,video,mostly true,,,2942,181
114517875225866,1467143326629974,left,The Other 98%,https://www.facebook.com/TheOther98/posts/1467143326629974,2016-09-23,link,mixture of true and false,,4749,7665,548
114517875225866,1467182919959348,left,The Other 98%,https://www.facebook.com/TheOther98/posts/1467182919959348,2016-09-23,link,mostly true,,1529,3287,624
114517875225866,1467204653290508,left,The Other 98%,https://www.facebook.com/TheOther98/posts/1467204653290508,2016-09-23,photo,no factual content,,163398,111962,2074
114517875225866,1467331466611160,left,The Other 98%,https://www.facebook.com/TheOther98/posts/1467331466611160,2016-09-23,link,mostly true,,25072,42029,1524
114517875225866,1467369466607360,left,The Other 98%,https://www.facebook.com/TheOther98/posts/1467369466607360,2016-09-23,video,no factual content,,,2139,176
114517875225866,1467409646603342,left,The Other 98%,https://www.facebook.com/TheOther98/posts/1467409646603342,2016-09-23,link,mostly true,,505,2429,118
114517875225866,1467412629936377,left,The Other 98%,https://www.facebook.com/TheOther98/posts/1467412629936377,2016-09-23,link,mostly true,,2586,5880,435
114517875225866,1467428826601424,left,The Other 98%,https://www.facebook.com/TheOther98/posts/1467428826601424,2016-09-23,photo,mostly true,,7958,22830,352
114517875225866,1467439823266991,left,The Other 98%,https://www.facebook.com/TheOther98/posts/1467439823266991,2016-09-23,video,mostly true,,1598,2817,448
114517875225866,1467440196600287,left,The Other 98%,https://www.facebook.com/TheOther98/posts/1467440196600287,2016-09-23,video,mixture of true and false,,27845,16152,3092
114517875225866,1467630153247958,left,The Other 98%,https://www.facebook.com/TheOther98/posts/1467630153247958,2016-09-23,link,mostly true,,2001,4125,196
114517875225866,1467680639909576,left,The Other 98%,https://www.facebook.com/TheOther98/posts/1467680639909576,2016-09-23,link,mostly true,,2299,6942,1709
114517875225866,1470679842942989,left,The Other 98%,https://www.facebook.com/TheOther98/posts/1470679842942989,2016-09-26,link,mostly true,,6170,21808,683
114517875225866,1470795232931450,left,The Other 98%,https://www.facebook.com/TheOther98/posts/1470795232931450,2016-09-26,video,no factual content,,4,3688,190
114517875225866,1470805562930417,left,The Other 98%,https://www.facebook.com/TheOther98/posts/1470805562930417,2016-09-26,link,no factual content,yes,229,984,100
114517875225866,1470814329596207,left,The Other 98%,https://www.facebook.com/TheOther98/posts/1470814329596207,2016-09-26,link,mostly false,,32181,48387,2551
114517875225866,1470887229588917,left,The Other 98%,https://www.facebook.com/TheOther98/posts/1470887229588917,2016-09-26,photo,no factual content,yes,1,20036,521
114517875225866,1470915582919415,left,The Other 98%,https://www.facebook.com/TheOther98/posts/1470915582919415,2016-09-26,photo,mostly true,,,19843,550
114517875225866,1470917416252565,left,The Other 98%,https://www.facebook.com/TheOther98/posts/1470917416252565,2016-09-26,photo,mostly true,,,4584,172
114517875225866,1470918642919109,left,The Other 98%,https://www.facebook.com/TheOther98/posts/1470918642919109,2016-09-26,link,mostly true,,3487,6642,593
114517875225866,1471124769565163,left,The Other 98%,https://www.facebook.com/TheOther98/posts/1471124769565163,2016-09-26,video,no factual content,,2,12436,466
114517875225866,1471149526229354,left,The Other 98%,https://www.facebook.com/TheOther98/posts/1471149526229354,2016-09-26,link,mostly true,,2896,9713,331
114517875225866,1471172392893734,left,The Other 98%,https://www.facebook.com/TheOther98/posts/1471172392893734,2016-09-26,link,mostly true,,465,1839,111
114517875225866,1471176549559985,left,The Other 98%,https://www.facebook.com/TheOther98/posts/1471176549559985,2016-09-26,photo,no factual content,,3550,16026,709
114517875225866,1471179969559643,left,The Other 98%,https://www.facebook.com/TheOther98/posts/1471179969559643,2016-09-26,photo,no factual content,,2530,9010,325
114517875225866,1471187602892213,left,The Other 98%,https://www.facebook.com/TheOther98/posts/1471187602892213,2016-09-26,photo,no factual content,,45140,50278,2148
114517875225866,1471196759557964,left,The Other 98%,https://www.facebook.com/TheOther98/posts/1471196759557964,2016-09-26,photo,no factual content,,22056,37282,868
114517875225866,1471213142889659,left,The Other 98%,https://www.facebook.com/TheOther98/posts/1471213142889659,2016-09-26,photo,no factual content,,,14736,604
114517875225866,1470937739583866,left,The Other 98%,https://www.facebook.com/TheOther98/posts/1470937739583866,2016-09-27,video,no factual content,,,120,21
114517875225866,1471293542881619,left,The Other 98%,https://www.facebook.com/TheOther98/posts/1471293542881619,2016-09-27,photo,no factual content,,204132,226937,3398
114517875225866,1471327616211545,left,The Other 98%,https://www.facebook.com/TheOther98/posts/1471327616211545,2016-09-27,link,mixture of true and false,yes,2443,9244,1090
114517875225866,1471344899543150,left,The Other 98%,https://www.facebook.com/TheOther98/posts/1471344899543150,2016-09-27,link,mostly true,yes,1971,14502,1094
114517875225866,1471858869491753,left,The Other 98%,https://www.facebook.com/TheOther98/posts/1471858869491753,2016-09-27,link,mostly true,,1054,4479,350
114517875225866,1471951622815811,left,The Other 98%,https://www.facebook.com/TheOther98/posts/1471951622815811,2016-09-27,photo,no factual content,yes,6185,27732,203
114517875225866,1472006522810321,left,The Other 98%,https://www.facebook.com/TheOther98/posts/1472006522810321,2016-09-27,link,mixture of true and false,yes,516,2397,334
114517875225866,1472054306138876,left,The Other 98%,https://www.facebook.com/TheOther98/posts/1472054306138876,2016-09-27,video,no factual content,yes,4,14413,1974
114517875225866,1472059186138388,left,The Other 98%,https://www.facebook.com/TheOther98/posts/1472059186138388,2016-09-27,video,mostly true,yes,211158,73348,13530
114517875225866,1472225646121742,left,The Other 98%,https://www.facebook.com/TheOther98/posts/1472225646121742,2016-09-27,photo,mostly true,yes,71217,149263,3064
114517875225866,1472276022783371,left,The Other 98%,https://www.facebook.com/TheOther98/posts/1472276022783371,2016-09-27,photo,no factual content,,4032,20935,382
114517875225866,1472332029444437,left,The Other 98%,https://www.facebook.com/TheOther98/posts/1472332029444437,2016-09-27,photo,mostly true,yes,506,4780,84
114517875225866,1472332886111018,left,The Other 98%,https://www.facebook.com/TheOther98/posts/1472332886111018,2016-09-27,video,no factual content,yes,3387,4751,761
114517875225866,1472334342777539,left,The Other 98%,https://www.facebook.com/TheOther98/posts/1472334342777539,2016-09-27,photo,no factual content,,7700,25036,761
114517875225866,1472337436110563,left,The Other 98%,https://www.facebook.com/TheOther98/posts/1472337436110563,2016-09-27,photo,mostly true,,8168,15494,384
114517875225866,1472393432771630,left,The Other 98%,https://www.facebook.com/TheOther98/posts/1472393432771630,2016-09-27,photo,mostly true,,3169,7836,346
114517875225866,1472393822771591,left,The Other 98%,https://www.facebook.com/TheOther98/posts/1472393822771591,2016-09-27,photo,no factual content,,21563,33388,391
114517875225866,1472419749435665,left,The Other 98%,https://www.facebook.com/TheOther98/posts/1472419749435665,2016-09-27,link,mostly true,,1451,4828,342
114517875225866,1472551312755842,left,The Other 98%,https://www.facebook.com/TheOther98/posts/1472551312755842,2016-09-27,link,mixture of true and false,,8236,12083,856
114517875225866,1472557792755194,left,The Other 98%,https://www.facebook.com/TheOther98/posts/1472557792755194,2016-09-27,link,mostly true,yes,3985,12966,538
114517875225866,1472655802745393,left,The Other 98%,https://www.facebook.com/TheOther98/posts/1472655802745393,2016-09-27,photo,no factual content,,24499,47312,1375
